{"cameraMode":{"drawMode":0,"name":"Shaded","section":"Shading Mode"},"sceneLighting":true,"audioPlay":false,"sceneViewState":{"m_AlwaysRefresh":true,"showFog":true,"showSkybox":true,"showFlares":true,"showImageEffects":true,"showParticleSystems":true,"showVisualEffectGraphs":true,"m_FxEnabled":true},"in2DMode":false,"pivot":{"x":107.13912963867188,"y":50.27655029296875,"z":21.98761749267578},"rotation":{"x":0.12522216141223908,"y":0.006931297015398741,"z":0.0008219930459745228,"w":-0.9921302199363709},"size":71.75992584228516,"orthographic":false}